[
  {
    "id": 1,
    "name": "Noi Bai Airport",
    "code": "HAN",
    "country_id": 32
  },
  {
    "id": 2,
    "name": "Tan Son Nhat Airport",
    "code": "SGN",
    "country_id": 32
  },
  {
    "id": 3,
    "name": "Da Nang Airport",
    "code": "DAD",
    "country_id": 32
  },
  {
    "id": 4,
    "name": "Buon Ma Thuot Airport",
    "code": "BMV",
    "country_id": 32
  },
  {
    "id": 5,
    "name": "Ca Mau Airport",
    "code": "CAH",
    "country_id": 32
  },
  {
    "id": 6,
    "name": "Can Tho Airport",
    "code": "VCA",
    "country_id": 32
  },
  {
    "id": 7,
    "name": "Chu Lai Airport",
    "code": "VCL",
    "country_id": 32
  },
  {
    "id": 8,
    "name": "Con Dao Airport",
    "code": "VCS",
    "country_id": 32
  },
  {
    "id": 9,
    "name": "Lien Khuong Airport",
    "code": "DLI",
    "country_id": 32
  },
  {
    "id": 10,
    "name": "Dien Bien Airport",
    "code": "DIN",
    "country_id": 32
  },
  {
    "id": 11,
    "name": "Dong Hoi Airport",
    "code": "VDH",
    "country_id": 32
  },
  {
    "id": 12,
    "name": "Cat Bi Airport",
    "code": "HPH",
    "country_id": 32
  },
  {
    "id": 13,
    "name": "Phu Bai Airport",
    "code": "HUI",
    "country_id": 32
  },
  {
    "id": 14,
    "name": "Cam Ranh Airport",
    "code": "CXR",
    "country_id": 32
  },
  {
    "id": 15,
    "name": "Phu Quoc Airport",
    "code": "PQC",
    "country_id": 32
  },
  {
    "id": 16,
    "name": "Pleiku Airport",
    "code": "PXU",
    "country_id": 32
  },
  {
    "id": 17,
    "name": "Quy Nhon Airport",
    "code": "UIH",
    "country_id": 32
  },
  {
    "id": 18,
    "name": "Rach Gia Airport",
    "code": "VKG",
    "country_id": 32
  },
  {
    "id": 19,
    "name": "Tho Xuan Airport",
    "code": "THD",
    "country_id": 32
  },
  {
    "id": 20,
    "name": "Tuy Hoa Airport",
    "code": "TBB",
    "country_id": 32
  },
  {
    "id": 21,
    "name": "Van Don Airport",
    "code": "VDO",
    "country_id": 32
  },
  {
    "id": 22,
    "name": "Vinh Airport",
    "code": "VII",
    "country_id": 32
  },
  {
    "id": 23,
    "name": "Aomori Airport",
    "code": "AOJ",
    "country_id": 14
  },
  {
    "id": 24,
    "name": "Fukushima Airport",
    "code": "FKS",
    "country_id": 14
  },
  {
    "id": 25,
    "name": "Haikou Airport",
    "code": "HAK",
    "country_id": 6
  },
  {
    "id": 26,
    "name": "Hakodate Airport",
    "code": "HKD",
    "country_id": 14
  },
  {
    "id": 27,
    "name": "Hefei Airport",
    "code": "HFE",
    "country_id": 6
  },
  {
    "id": 28,
    "name": "Iwakuni Airport",
    "code": "IWK",
    "country_id": 14
  },
  {
    "id": 29,
    "name": "Izumo Airport",
    "code": "IZO",
    "country_id": 14
  },
  {
    "id": 30,
    "name": "Kagoshima Airport",
    "code": "KOJ",
    "country_id": 14
  },
  {
    "id": 31,
    "name": "Kita Kyushu Airport",
    "code": "KKJ",
    "country_id": 14
  },
  {
    "id": 32,
    "name": "Kochi Airport",
    "code": "KCZ",
    "country_id": 14
  },
  {
    "id": 33,
    "name": "Kumamoto Airport",
    "code": "KMJ",
    "country_id": 14
  },
  {
    "id": 34,
    "name": "Kushiro Airport",
    "code": "KUH",
    "country_id": 14
  },
  {
    "id": 35,
    "name": "Macau Airport",
    "code": "MFM",
    "country_id": 6
  },
  {
    "id": 36,
    "name": "Memanbetsu Airport",
    "code": "MMB",
    "country_id": 14
  },
  {
    "id": 37,
    "name": "Miyazaki Airport",
    "code": "KMI",
    "country_id": 14
  },
  {
    "id": 38,
    "name": "Nagasaki Airport",
    "code": "NGS",
    "country_id": 14
  },
  {
    "id": 39,
    "name": "Nakashibetsu Airport",
    "code": "SHB",
    "country_id": 14
  },
  {
    "id": 40,
    "name": "Obihiro Airport",
    "code": "OBO",
    "country_id": 14
  },
  {
    "id": 41,
    "name": "Odate Noshiro Airport",
    "code": "ONJ",
    "country_id": 14
  },
  {
    "id": 42,
    "name": "Oita Airport",
    "code": "OIT",
    "country_id": 14
  },
  {
    "id": 43,
    "name": "Qingdao Airport",
    "code": "TAO",
    "country_id": 6
  },
  {
    "id": 44,
    "name": "Shenzhen Airport",
    "code": "SZX",
    "country_id": 6
  },
  {
    "id": 45,
    "name": "Shijiazhuang Airport",
    "code": "SJW",
    "country_id": 6
  },
  {
    "id": 46,
    "name": "Takamatsu Airport",
    "code": "TAK",
    "country_id": 14
  },
  {
    "id": 47,
    "name": "Tokushima Airport",
    "code": "TKS",
    "country_id": 14
  },
  {
    "id": 48,
    "name": "Tottori Airport",
    "code": "TTJ",
    "country_id": 14
  },
  {
    "id": 49,
    "name": "Ube Airport",
    "code": "UBJ",
    "country_id": 14
  },
  {
    "id": 50,
    "name": "Wuxi Airport",
    "code": "WUX",
    "country_id": 6
  },
  {
    "id": 51,
    "name": "Yonago Airport",
    "code": "YGJ",
    "country_id": 14
  },
  {
    "id": 52,
    "name": "Akita Airport",
    "code": "AXT",
    "country_id": 14
  },
  {
    "id": 53,
    "name": "Chongqing Airport",
    "code": "CKG",
    "country_id": 6
  },
  {
    "id": 54,
    "name": "Harbin Airport",
    "code": "HRB",
    "country_id": 6
  },
  {
    "id": 55,
    "name": "Hiroshima Airport",
    "code": "HIJ",
    "country_id": 14
  },
  {
    "id": 56,
    "name": "Hohhot Airport",
    "code": "HET",
    "country_id": 6
  },
  {
    "id": 57,
    "name": "Komatsu Airport",
    "code": "KMQ",
    "country_id": 14
  },
  {
    "id": 58,
    "name": "Matsuyama Airport",
    "code": "MYJ",
    "country_id": 14
  },
  {
    "id": 59,
    "name": "Nanning Airport",
    "code": "NNG",
    "country_id": 14
  },
  {
    "id": 60,
    "name": "Niigata Airport",
    "code": "KIJ",
    "country_id": 14
  },
  {
    "id": 61,
    "name": "Okayama Airport",
    "code": "OKJ",
    "country_id": 14
  },
  {
    "id": 62,
    "name": "Okinawa Airport",
    "code": "OKA",
    "country_id": 14
  },
  {
    "id": 63,
    "name": "Quanzhou Airport",
    "code": "JJN",
    "country_id": 6
  },
  {
    "id": 64,
    "name": "New Chitose",
    "code": "CTS",
    "country_id": 14
  },
  {
    "id": 65,
    "name": "Sendai Airport",
    "code": "SDJ",
    "country_id": 14
  },
  {
    "id": 66,
    "name": "Shenyang Airport",
    "code": "SHE",
    "country_id": 6
  },
  {
    "id": 67,
    "name": "Shonai Airport",
    "code": "SYO",
    "country_id": 14
  },
  {
    "id": 68,
    "name": "Tokyo - Haneda Airport",
    "code": "HND",
    "country_id": 14
  },
  {
    "id": 69,
    "name": "Toyama Airport",
    "code": "TOY",
    "country_id": 14
  },
  {
    "id": 70,
    "name": "Wuhan Airport",
    "code": "WUH",
    "country_id": 6
  },
  {
    "id": 71,
    "name": "Xiamen Airport",
    "code": "XMN",
    "country_id": 6
  },
  {
    "id": 72,
    "name": "Tokyo - Narita Airport",
    "code": "NRT",
    "country_id": 14
  },
  {
    "id": 73,
    "name": "Fukuoka Airport",
    "code": "FUK",
    "country_id": 14
  },
  {
    "id": 74,
    "name": "Nagoya Airport",
    "code": "NGO",
    "country_id": 14
  },
  {
    "id": 75,
    "name": "Osaka - Kansai Airport",
    "code": "KIX",
    "country_id": 14
  },
  {
    "id": 76,
    "name": "Incheon Airport",
    "code": "ICN",
    "country_id": 15
  },
  {
    "id": 77,
    "name": "Dongdaegu Station",
    "code": "XDK",
    "country_id": 15
  },
  {
    "id": 78,
    "name": "Busan Gimhae Airport",
    "code": "PUS",
    "country_id": 15
  },
  {
    "id": 79,
    "name": "Jinju Station",
    "code": "XJX",
    "country_id": 15
  },
  {
    "id": 80,
    "name": "Mokpo Station",
    "code": "XKX",
    "country_id": 15
  },
  {
    "id": 81,
    "name": "Ulsan Station",
    "code": "XLF",
    "country_id": 15
  },
  {
    "id": 82,
    "name": "Gwangju-Seonjoeng Station",
    "code": "XNJ",
    "country_id": 15
  },
  {
    "id": 83,
    "name": "Pohang Station",
    "code": "XPB",
    "country_id": 15
  },
  {
    "id": 84,
    "name": "Yeosu-Expo Station",
    "code": "XYT",
    "country_id": 15
  },
  {
    "id": 85,
    "name": "Taipei Airport",
    "code": "TPE",
    "country_id": 28
  },
  {
    "id": 86,
    "name": "Kaohsiung Airport",
    "code": "KHH",
    "country_id": 28
  },
  {
    "id": 87,
    "name": "Hong Kong Airport",
    "code": "HKG",
    "country_id": 11
  },
  {
    "id": 88,
    "name": "Beijing Airport",
    "code": "PEK",
    "country_id": 6
  },
  {
    "id": 89,
    "name": "Changzhou Airport",
    "code": "CZX",
    "country_id": 6
  },
  {
    "id": 90,
    "name": "Chengdu Airport",
    "code": "CTU",
    "country_id": 6
  },
  {
    "id": 91,
    "name": "Chengdu Tianfu International Airport",
    "code": "TFU",
    "country_id": 6
  },
  {
    "id": 92,
    "name": "Tongren Airport",
    "code": "TEN",
    "country_id": 6
  },
  {
    "id": 93,
    "name": "Guangzhou Airport",
    "code": "CAN",
    "country_id": 6
  },
  {
    "id": 94,
    "name": "Hangzhou Airport",
    "code": "HGH",
    "country_id": 6
  },
  {
    "id": 95,
    "name": "Kunming Airport",
    "code": "KMG",
    "country_id": 6
  },
  {
    "id": 96,
    "name": "Nanjing Airport",
    "code": "NKG",
    "country_id": 6
  },
  {
    "id": 97,
    "name": "Ningbo Lishe International Airport",
    "code": "NGB",
    "country_id": 6
  },
  {
    "id": 98,
    "name": "Shanghai - Pudong Airport",
    "code": "PVG",
    "country_id": 6
  },
  {
    "id": 99,
    "name": "Tianjin Airport",
    "code": "TSN",
    "country_id": 6
  },
  {
    "id": 100,
    "name": "Xi'an Xianyang International Airport",
    "code": "XIY",
    "country_id": 6
  },
  {
    "id": 101,
    "name": "Zhengzhou Airport",
    "code": "CGO",
    "country_id": 6
  },
  {
    "id": 102,
    "name": "Denpasar - Bali Airport",
    "code": "DPS",
    "country_id": 29
  },
  {
    "id": 103,
    "name": "Suvarnabhumi Int'l Airport",
    "code": "BKK",
    "country_id": 29
  },
  {
    "id": 104,
    "name": "Chiang Mai Airport",
    "code": "CNX",
    "country_id": 29
  },
  {
    "id": 105,
    "name": "Chiang Rai Airport",
    "code": "CEI",
    "country_id": 29
  },
  {
    "id": 106,
    "name": "Jakarta Airport",
    "code": "CGK",
    "country_id": 12
  },
  {
    "id": 107,
    "name": "Koh Samui Airport",
    "code": "USM",
    "country_id": 29
  },
  {
    "id": 108,
    "name": "Krabi Airport",
    "code": "KBV",
    "country_id": 29
  },
  {
    "id": 109,
    "name": "Kuala Lumpur Airport",
    "code": "KUL",
    "country_id": 18
  },
  {
    "id": 110,
    "name": "Don Mueang Airport",
    "code": "DMK",
    "country_id": 18
  },
  {
    "id": 111,
    "name": "Penang Airport",
    "code": "PEN",
    "country_id": 18
  },
  {
    "id": 112,
    "name": "Ninoy Aquino Airport",
    "code": "MNL",
    "country_id": 22
  },
  {
    "id": 113,
    "name": "Phuket Airport",
    "code": "HKT",
    "country_id": 29
  },
  {
    "id": 114,
    "name": "Changi Airport",
    "code": "SIN",
    "country_id": 24
  },
  {
    "id": 115,
    "name": "Ahmad Yani",
    "code": "SRG",
    "country_id": 12
  },
  {
    "id": 116,
    "name": "Surabaya Airport",
    "code": "SUB",
    "country_id": 12
  },
  {
    "id": 117,
    "name": "Yangon Airport",
    "code": "RGN",
    "country_id": 19
  },
  {
    "id": 118,
    "name": "Luang Prabang Airport",
    "code": "LPQ",
    "country_id": 16
  },
  {
    "id": 119,
    "name": "Phnom Penh Airport",
    "code": "PNH",
    "country_id": 4
  },
  {
    "id": 120,
    "name": "Sihanoukville Airport",
    "code": "KOS",
    "country_id": 4
  },
  {
    "id": 121,
    "name": "Siem Reap Airport",
    "code": "SAI",
    "country_id": 4
  },
  {
    "id": 122,
    "name": "Vientiane Wattay Airport",
    "code": "VTE",
    "country_id": 16
  },
  {
    "id": 123,
    "name": "Arlanda Airport",
    "code": "ARN",
    "country_id": 27
  },
  {
    "id": 124,
    "name": "Brussels Airport",
    "code": "BRU",
    "country_id": 3
  },
  {
    "id": 125,
    "name": "Gothenburg Airport",
    "code": "GOT",
    "country_id": 27
  },
  {
    "id": 126,
    "name": "Malpensa",
    "code": "MXP",
    "country_id": 13
  },
  {
    "id": 127,
    "name": "Malmö Airport",
    "code": "MMX",
    "country_id": 27
  },
  {
    "id": 128,
    "name": "Skavsta Airport",
    "code": "NYO",
    "country_id": 27
  },
  {
    "id": 129,
    "name": "Munich HBF DB Railway Station",
    "code": "ZMU",
    "country_id": 10
  },
  {
    "id": 130,
    "name": "Frankfurt Airport",
    "code": "FRA",
    "country_id": 10
  },
  {
    "id": 131,
    "name": "Railway Germany",
    "code": "QYG",
    "country_id": 10
  },
  {
    "id": 132,
    "name": "Sochi Airport",
    "code": "AER",
    "country_id": 23
  },
  {
    "id": 133,
    "name": "Berlin - Brandenburg Airport",
    "code": "BER",
    "country_id": 10
  },
  {
    "id": 134,
    "name": "Aberdeen Airport",
    "code": "ABZ",
    "country_id": 30
  },
  {
    "id": 135,
    "name": "Brindisi Airport",
    "code": "BDS",
    "country_id": 30
  },
  {
    "id": 136,
    "name": "George Best City Airport",
    "code": "BHD",
    "country_id": 30
  },
  {
    "id": 137,
    "name": "Birmingham Airport",
    "code": "BHX",
    "country_id": 30
  },
  {
    "id": 138,
    "name": "Bilbao Airport",
    "code": "BIO",
    "country_id": 25
  },
  {
    "id": 139,
    "name": "Billund Airport",
    "code": "BLL",
    "country_id": 8
  },
  {
    "id": 140,
    "name": "Guglielmo Marconi Airport",
    "code": "BLQ",
    "country_id": 13
  },
  {
    "id": 141,
    "name": "Bordeaux Airport",
    "code": "BOD",
    "country_id": 9
  },
  {
    "id": 142,
    "name": "Bournemouth International",
    "code": "BOH",
    "country_id": 30
  },
  {
    "id": 143,
    "name": "Bari Airport",
    "code": "BRI",
    "country_id": 13
  },
  {
    "id": 144,
    "name": "Brighton City Airport",
    "code": "ESH",
    "country_id": 30
  },
  {
    "id": 145,
    "name": "Elmas Airport",
    "code": "CAG",
    "country_id": 13
  },
  {
    "id": 146,
    "name": "Canberra Airport",
    "code": "CBR",
    "country_id": 1
  },
  {
    "id": 147,
    "name": "Railway Station",
    "code": "CFW",
    "country_id": 30
  },
  {
    "id": 148,
    "name": "Bus Station",
    "code": "CLB",
    "country_id": 30
  },
  {
    "id": 149,
    "name": "Catania Fontanarossa Airport",
    "code": "CTA",
    "country_id": 13
  },
  {
    "id": 150,
    "name": "Coventry Airport",
    "code": "CVT",
    "country_id": 30
  },
  {
    "id": 151,
    "name": "Cardiff Airport",
    "code": "CWL",
    "country_id": 30
  },
  {
    "id": 152,
    "name": "St.Thomas Railway Station",
    "code": "EXS",
    "country_id": 30
  },
  {
    "id": 153,
    "name": "Florence Airport",
    "code": "FLR",
    "country_id": 13
  },
  {
    "id": 154,
    "name": "Cristoforo Colombo",
    "code": "GOA",
    "country_id": 13
  },
  {
    "id": 155,
    "name": "Dulles International Airport",
    "code": "IAD",
    "country_id": 31
  },
  {
    "id": 156,
    "name": "Central Railway Station",
    "code": "KYN",
    "country_id": 30
  },
  {
    "id": 157,
    "name": "Nottingham Airport",
    "code": "NQT",
    "country_id": 30
  },
  {
    "id": 158,
    "name": "Executive Airport",
    "code": "ORL",
    "country_id": 31
  },
  {
    "id": 159,
    "name": "Sky Harbor International",
    "code": "PHX",
    "country_id": 31
  },
  {
    "id": 160,
    "name": "Punta Raisi Airport",
    "code": "PMO",
    "country_id": 13
  },
  {
    "id": 161,
    "name": "Galileo Galilei",
    "code": "PSA",
    "country_id": 13
  },
  {
    "id": 162,
    "name": "Heliport",
    "code": "PZE",
    "country_id": 30
  },
  {
    "id": 163,
    "name": "Leicester",
    "code": "QEW",
    "country_id": 30
  },
  {
    "id": 164,
    "name": "Reggio Calabria",
    "code": "REG",
    "country_id": 30
  },
  {
    "id": 165,
    "name": "Bus Station",
    "code": "RNW",
    "country_id": 30
  },
  {
    "id": 166,
    "name": "Belfast International Airport",
    "code": "BFS",
    "country_id": 30
  },
  {
    "id": 167,
    "name": "Salt Lake International Airport",
    "code": "SLC",
    "country_id": 30
  },
  {
    "id": 168,
    "name": "Lamezia Terme",
    "code": "SUF",
    "country_id": 13
  },
  {
    "id": 169,
    "name": "Tel Aviv Airport",
    "code": "TLV",
    "country_id": 30
  },
  {
    "id": 170,
    "name": "Tampa International",
    "code": "TPA",
    "country_id": 30
  },
  {
    "id": 171,
    "name": "Birgi",
    "code": "TPS",
    "country_id": 30
  },
  {
    "id": 172,
    "name": "Caselle Airport",
    "code": "TRN",
    "country_id": 30
  },
  {
    "id": 173,
    "name": "Ronchi dei Legionari",
    "code": "TRS",
    "country_id": 30
  },
  {
    "id": 174,
    "name": "Venice Airport",
    "code": "VCE",
    "country_id": 30
  },
  {
    "id": 175,
    "name": "Villafranca",
    "code": "VRN",
    "country_id": 30
  },
  {
    "id": 176,
    "name": "Biarritz Airport",
    "code": "BIQ",
    "country_id": 9
  },
  {
    "id": 177,
    "name": "Bremen Airport",
    "code": "BRE",
    "country_id": 10
  },
  {
    "id": 178,
    "name": "Brest Airport",
    "code": "BES",
    "country_id": 9
  },
  {
    "id": 179,
    "name": "Bristol International",
    "code": "BRS",
    "country_id": 30
  },
  {
    "id": 180,
    "name": "Cambridge",
    "code": "CBG",
    "country_id": 30
  },
  {
    "id": 181,
    "name": "Clermont-Ferrand Airport",
    "code": "CFE",
    "country_id": 9
  },
  {
    "id": 182,
    "name": "Dublin Airport",
    "code": "DUB",
    "country_id": 6
  },
  {
    "id": 183,
    "name": "Dresden Airport",
    "code": "DRS",
    "country_id": 10
  },
  {
    "id": 184,
    "name": "D\u00c3\u00bcsseldorf Airport",
    "code": "DUS",
    "country_id": 10
  },
  {
    "id": 185,
    "name": "Edinburgh Airport",
    "code": "EDI",
    "country_id": 30
  },
  {
    "id": 186,
    "name": "Exeter International Airport",
    "code": "EXT",
    "country_id": 30
  },
  {
    "id": 187,
    "name": "Glasgow Airport",
    "code": "GLA",
    "country_id": 30
  },
  {
    "id": 188,
    "name": "Nizhny Novgorod Airport",
    "code": "GOJ",
    "country_id": 23
  },
  {
    "id": 189,
    "name": "Hanover Airport",
    "code": "HAJ",
    "country_id": 10
  },
  {
    "id": 190,
    "name": "Hamburg Airport",
    "code": "HAM",
    "country_id": 10
  },
  {
    "id": 191,
    "name": "Jersey Airport",
    "code": "JER",
    "country_id": 30
  },
  {
    "id": 192,
    "name": "Samara Airport",
    "code": "KUF",
    "country_id": 23
  },
  {
    "id": 193,
    "name": "Kazan Airport",
    "code": "KZN",
    "country_id": 23
  },
  {
    "id": 194,
    "name": "Leeds Airport",
    "code": "LBA",
    "country_id": 30
  },
  {
    "id": 195,
    "name": "Leipzig/Halle Airport",
    "code": "LEJ",
    "country_id": 10
  },
  {
    "id": 196,
    "name": "Lorient Airport",
    "code": "LRT",
    "country_id": 9
  },
  {
    "id": 197,
    "name": "Malaga Airport",
    "code": "AGP",
    "country_id": 25
  },
  {
    "id": 198,
    "name": "Manchester Airport",
    "code": "MAN",
    "country_id": 30
  },
  {
    "id": 199,
    "name": "Milan",
    "code": "MIL",
    "country_id": 13
  },
  {
    "id": 200,
    "name": "Montpellier Airport",
    "code": "MPL",
    "country_id": 9
  },
  {
    "id": 201,
    "name": "Munich Airport",
    "code": "MUC",
    "country_id": 10
  },
  {
    "id": 202,
    "name": "Newcastle Airport",
    "code": "NCL",
    "country_id": 30
  },
  {
    "id": 203,
    "name": "Nuremberg Airport",
    "code": "NUE",
    "country_id": 10
  },
  {
    "id": 204,
    "name": "Norwich International Airport",
    "code": "NWI",
    "country_id": 30
  },
  {
    "id": 205,
    "name": "Oxford Airport",
    "code": "OXF",
    "country_id": 30
  },
  {
    "id": 206,
    "name": "Pau Airport",
    "code": "PUF",
    "country_id": 9
  },
  {
    "id": 207,
    "name": "Perm Airport",
    "code": "PEE",
    "country_id": 23
  },
  {
    "id": 208,
    "name": "Plymouth City Airport",
    "code": "PLH",
    "country_id": 30
  },
  {
    "id": 209,
    "name": "Bath Spa Railway Station",
    "code": "QQX",
    "country_id": 30
  },
  {
    "id": 210,
    "name": "Rennes Airport",
    "code": "RNS",
    "country_id": 9
  },
  {
    "id": 211,
    "name": "Rostov-on-Don Airport",
    "code": "ROV",
    "country_id": 23
  },
  {
    "id": 212,
    "name": "Southampton Airport",
    "code": "SOU",
    "country_id": 30
  },
  {
    "id": 213,
    "name": "Stuttgart Airport",
    "code": "STR",
    "country_id": 10
  },
  {
    "id": 214,
    "name": "Yekaterinburg Airport",
    "code": "SVX",
    "country_id": 23
  },
  {
    "id": 215,
    "name": "Toulon Airport",
    "code": "TLN",
    "country_id": 9
  },
  {
    "id": 216,
    "name": "Valencia Airport",
    "code": "VLC",
    "country_id": 25
  },
  {
    "id": 217,
    "name": "Voronezh Airport",
    "code": "VOZ",
    "country_id": 23
  },
  {
    "id": 218,
    "name": "Moscow - Sheremetyevo Airport",
    "code": "SVO",
    "country_id": 23
  },
  {
    "id": 219,
    "name": "London - Heathrow Airport",
    "code": "LHR",
    "country_id": 30
  },
  {
    "id": 220,
    "name": "Charles de Gaulle Airport",
    "code": "CDG",
    "country_id": 9
  },
  {
    "id": 221,
    "name": "TGV Railway Station",
    "code": "QXB",
    "country_id": 9
  },
  {
    "id": 222,
    "name": "Amsterdam Airport",
    "code": "AMS",
    "country_id": 20
  },
  {
    "id": 223,
    "name": "Angers Railway Station",
    "code": "QXG",
    "country_id": 9
  },
  {
    "id": 224,
    "name": "Tgv Railway Station",
    "code": "XZN",
    "country_id": 9
  },
  {
    "id": 225,
    "name": "Barcelona Airport",
    "code": "BCN",
    "country_id": 25
  },
  {
    "id": 226,
    "name": "St Jean Railway Station",
    "code": "ZFQ",
    "country_id": 9
  },
  {
    "id": 227,
    "name": "Champagne Ardenne TGV",
    "code": "XIZ",
    "country_id": 9
  },
  {
    "id": 228,
    "name": "Copenhagen Airport",
    "code": "CPH",
    "country_id": 8
  },
  {
    "id": 229,
    "name": "Geneva Airport",
    "code": "GVA",
    "country_id": 26
  },
  {
    "id": 230,
    "name": "Krasnodar Airport",
    "code": "KRR",
    "country_id": 23
  },
  {
    "id": 231,
    "name": "Le Mans Railway Station",
    "code": "ZLN",
    "country_id": 9
  },
  {
    "id": 232,
    "name": "Lille Airport",
    "code": "XDB",
    "country_id": 9
  },
  {
    "id": 233,
    "name": "Lyon Airport",
    "code": "LYS",
    "country_id": 9
  },
  {
    "id": 234,
    "name": "Part-Dieu Railway Station",
    "code": "XYD",
    "country_id": 9
  },
  {
    "id": 235,
    "name": "Madrid Airport",
    "code": "MAD",
    "country_id": 25
  },
  {
    "id": 236,
    "name": "Marseille Airport",
    "code": "MRS",
    "country_id": 9
  },
  {
    "id": 237,
    "name": "St Charles Railway Station",
    "code": "XRF",
    "country_id": 9
  },
  {
    "id": 238,
    "name": "St Roch Railway Station",
    "code": "XPJ",
    "country_id": 9
  },
  {
    "id": 239,
    "name": "Railway Station",
    "code": "QJZ",
    "country_id": 9
  },
  {
    "id": 240,
    "name": "Nice Airport",
    "code": "NCE",
    "country_id": 9
  },
  {
    "id": 241,
    "name": "Railway Station",
    "code": "ZYN",
    "country_id": 9
  },
  {
    "id": 242,
    "name": "Oslo Airport",
    "code": "OSL",
    "country_id": 21
  },
  {
    "id": 243,
    "name": "Railway Station",
    "code": "XOP",
    "country_id": 9
  },
  {
    "id": 244,
    "name": "Prague Airport",
    "code": "PRG",
    "country_id": 7
  },
  {
    "id": 245,
    "name": "Railway Station",
    "code": "ZFJ",
    "country_id": 9
  },
  {
    "id": 246,
    "name": "Rome Airport",
    "code": "FCO",
    "country_id": 13
  },
  {
    "id": 247,
    "name": "St. Petersburg Airport",
    "code": "LED",
    "country_id": 23
  },
  {
    "id": 248,
    "name": "St Pierre Des Cor",
    "code": "XSH",
    "country_id": 9
  },
  {
    "id": 249,
    "name": "Railway Station",
    "code": "XWG",
    "country_id": 9
  },
  {
    "id": 250,
    "name": "Toulouse Airport",
    "code": "TLS",
    "country_id": 9
  },
  {
    "id": 251,
    "name": "Ufa Airport",
    "code": "UFA",
    "country_id": 23
  },
  {
    "id": 252,
    "name": "TGV Railway Station",
    "code": "XHK",
    "country_id": 9
  },
  {
    "id": 253,
    "name": "Vienna Airport",
    "code": "VIE",
    "country_id": 2
  },
  {
    "id": 254,
    "name": "Zurich Airport",
    "code": "ZRH",
    "country_id": 26
  },
  {
    "id": 255,
    "name": "Kingsford Smith Airport",
    "code": "SYD",
    "country_id": 1
  },
  {
    "id": 256,
    "name": "Melbourne Airport",
    "code": "MEL",
    "country_id": 1
  },
  {
    "id": 257,
    "name": "Perth Airport",
    "code": "PER",
    "country_id": 1
  },
  {
    "id": 258,
    "name": "Adelaide Airport",
    "code": "ADL",
    "country_id": 1
  },
  {
    "id": 259,
    "name": "Auckland Airport",
    "code": "AKL",
    "country_id": 33
  },
  {
    "id": 260,
    "name": "Brisbane Airport",
    "code": "BNE",
    "country_id": 1
  },
  {
    "id": 261,
    "name": "Cairns Airport",
    "code": "CNS",
    "country_id": 1
  },
  {
    "id": 262,
    "name": "Christchurch Airport",
    "code": "CHC",
    "country_id": 33
  },
  {
    "id": 263,
    "name": "Darwin Airport",
    "code": "DRW",
    "country_id": 1
  },
  {
    "id": 264,
    "name": "Gold Coast Airport",
    "code": "OOL",
    "country_id": 1
  },
  {
    "id": 265,
    "name": "Hobart Airport",
    "code": "HBA",
    "country_id": 1
  },
  {
    "id": 266,
    "name": "Launceston Airport",
    "code": "LST",
    "country_id": 1
  },
  {
    "id": 267,
    "name": "Newcastle Airport",
    "code": "NTL",
    "country_id": 1
  },
  {
    "id": 268,
    "name": "Wellington Airport",
    "code": "WLG",
    "country_id": 33
  },
  {
    "id": 269,
    "name": "Atlanta Airport",
    "code": "ATL",
    "country_id": 31
  },
  {
    "id": 270,
    "name": "Austin Airport",
    "code": "AUS",
    "country_id": 31
  },
  {
    "id": 271,
    "name": "Edward L Logan International",
    "code": "BOS",
    "country_id": 31
  },
  {
    "id": 272,
    "name": "Chicago Fss",
    "code": "CHI",
    "country_id": 31
  },
  {
    "id": 273,
    "name": "Dallas Ft Worth International",
    "code": "DFW",
    "country_id": 31
  },
  {
    "id": 274,
    "name": "Denver International",
    "code": "DEN",
    "country_id": 31
  },
  {
    "id": 275,
    "name": "Metropolitan Wayne Co",
    "code": "DTW",
    "country_id": 31
  },
  {
    "id": 276,
    "name": "Honolulu Airport",
    "code": "HNL",
    "country_id": 31
  },
  {
    "id": 277,
    "name": "George Bush Intercont",
    "code": "IAH",
    "country_id": 31
  },
  {
    "id": 278,
    "name": "Los Angeles Airport",
    "code": "LAX",
    "country_id": 31
  },
  {
    "id": 279,
    "name": "Miami International",
    "code": "MIA",
    "country_id": 31
  },
  {
    "id": 280,
    "name": "St Paul International",
    "code": "MSP",
    "country_id": 31
  },
  {
    "id": 281,
    "name": "New York Airport",
    "code": "JFK",
    "country_id": 31
  },
  {
    "id": 282,
    "name": "Philadelphia International",
    "code": "PHL",
    "country_id": 31
  },
  {
    "id": 283,
    "name": "Portland Airport",
    "code": "PDX",
    "country_id": 31
  },
  {
    "id": 284,
    "name": "San Francisco Airport",
    "code": "SFO",
    "country_id": 31
  },
  {
    "id": 285,
    "name": "San Diego International Airport",
    "code": "SAN",
    "country_id": 31
  },
  {
    "id": 286,
    "name": "Seattle Tacoma International Airport",
    "code": "SEA",
    "country_id": 31
  },
  {
    "id": 287,
    "name": "Saint Louis Airport",
    "code": "STL",
    "country_id": 31
  },
  {
    "id": 288,
    "name": "Vancouver Airport",
    "code": "YVR",
    "country_id": 31
  }
]
